Impressions,From Home,From Hashtags,From Explore,From Other,Saves,Comments,Shares,Likes,Profile Visits,Follows,Caption,Hashtags,Engagement Total,Engagement Rate,Save Rate,Profile Visit Rate,Post Index,Profile Visits Smoothed,Follows Smoothed
5394,2727,1838,1174,78,194,7,14,224,48,10,Here are some of the best data science project ideas on healthcare. If you want to become a data science professional in the healthcare domain then you must try to work on these projects.,#healthcareï¿½#healthï¿½#covidï¿½#dataï¿½#datascienceï¿½#dataanalysisï¿½#dataanalyticsï¿½#datascientistï¿½#machinelearningï¿½#pythonï¿½#pythonprogrammingï¿½#pythonprojectsï¿½#pythoncodeï¿½#artificialintelligenceï¿½#aiï¿½#dataanalystï¿½#amankharwalï¿½#thecleverprogrammer,439,8.138672599184279,3.596588802373007,0.8898776418242491,1,48.0,10.0
4021,2085,1188,0,533,41,11,1,131,62,12,Learn how to train a machine learning model and giving inputs to your trained model to make predictions using Python.,#dataï¿½#datascienceï¿½#dataanalysisï¿½#dataanalyticsï¿½#datascientistï¿½#machinelearningï¿½#pythonï¿½#pythonprogrammingï¿½#pythonprojectsï¿½#pythoncodeï¿½#artificialintelligenceï¿½#aiï¿½#deeplearningï¿½#machinelearningprojectsï¿½#datascienceprojectsï¿½#amankharwalï¿½#thecleverprogrammerï¿½#machinelearningmodels,184,4.575976125341954,1.0196468540164139,1.541904998756528,2,55.0,11.0
4528,2700,621,932,73,172,10,7,213,23,8,Hereï¿½s how you can write a Python program to detect whether a sentence is a question or not. The idea here is to find the words that we see in the beginning of a question in the beginning of a sentence.,#pythonï¿½#pythonprogrammingï¿½#pythonprojectsï¿½#pythoncodeï¿½#pythonlearningï¿½#pythondeveloperï¿½#pythoncodingï¿½#pythonprogrammerï¿½#amankharwalï¿½#thecleverprogrammerï¿½#pythonprojects,402,8.87809187279152,3.7985865724381624,0.5079505300353356,3,44.333333333333336,10.0
2518,1704,255,279,37,96,5,4,123,8,0,Plotting annotations while visualizing your data is considered good practice to make the graphs self-explanatory. Here is an example of how you can annotate a graph using Python.,#datavisualizationï¿½#datascienceï¿½#dataï¿½#dataanalyticsï¿½#machinelearningï¿½#dataanalysisï¿½#artificialintelligenceï¿½#pythonï¿½#datascientistï¿½#bigdataï¿½#deeplearningï¿½#datavizï¿½#aiï¿½#analyticsï¿½#technologyï¿½#dataanalystï¿½#programmingï¿½#pythonprogrammingï¿½#statisticsï¿½#codingï¿½#businessintelligenceï¿½#dataminingï¿½#techï¿½#businessï¿½#computerscienceï¿½#tableauï¿½#databaseï¿½#thecleverprogrammerï¿½#amankharwal,228,9.054805401111993,3.8125496425734715,0.3177124702144559,4,35.25,7.5
3884,2046,1214,329,43,74,7,10,144,9,2,Here are some of the most important soft skills that every data scientist should have.,#dataï¿½#datascienceï¿½#dataanalysisï¿½#dataanalyticsï¿½#datascientistï¿½#machinelearningï¿½#pythonï¿½#pythonprogrammingï¿½#pythonprojectsï¿½#pythoncodeï¿½#artificialintelligenceï¿½#aiï¿½#deeplearningï¿½#algorithmï¿½#algorithmsï¿½#machinelearningalgorithmsï¿½#mlï¿½#amankharwalï¿½#thecleverprogrammerï¿½#softskills,235,6.050463439752832,1.905252317198764,0.23171987641606592,5,30.0,6.4
2621,1543,599,333,25,22,5,1,76,26,0,Learn how to analyze a candlestick chart as a data scientist or a financial analyst. I hope this resource will help you to invest and analyze stock markets.,#stockmarketï¿½#investingï¿½#stocksï¿½#tradingï¿½#moneyï¿½#investmentï¿½#financeï¿½#forexï¿½#datavisualizationï¿½#datascienceï¿½#dataï¿½#dataanalyticsï¿½#machinelearningï¿½#dataanalysisï¿½#aiï¿½#candlestickï¿½#candlestickcharts,104,3.967951163677985,0.8393742846241892,0.9919877909194963,6,25.6,4.4
3541,2071,628,500,60,135,4,9,124,12,6,Here are some of the best books that you can follow to learn Python from scratch.,#pythonï¿½#pythonprogrammingï¿½#pythonprojectsï¿½#pythoncodeï¿½#pythonlearningï¿½#pythondeveloperï¿½#pythoncodingï¿½#pythonprogrammerï¿½#amankharwalï¿½#thecleverprogrammerï¿½#pythonprojectsï¿½#pythonbooksï¿½#bookstagram,272,7.681445919231855,3.812482349618752,0.33888731996611127,7,15.6,3.2
3749,2384,857,248,49,155,6,8,159,36,4,Here are some of the best data analysis project ideas that you should try and show on your resume. These projects will help you to show your data analysis skills.,#dataanalyticsï¿½#datascienceï¿½#dataï¿½#machinelearningï¿½#datavisualizationï¿½#bigdataï¿½#artificialintelligenceï¿½#datascientistï¿½#pythonï¿½#analyticsï¿½#aiï¿½#dataanalysisï¿½#deeplearningï¿½#technologyï¿½#programmingï¿½#codingï¿½#dataanalystï¿½#businessï¿½#pythonprogrammingï¿½#dataminingï¿½#techï¿½#businessintelligenceï¿½#databaseï¿½#computerscienceï¿½#statisticsï¿½#powerbiï¿½#dataanalysisprojectsï¿½#businessanalyticsï¿½#thecleverprogrammerï¿½#amankharwal,328,8.748999733262202,4.134435849559883,0.960256068284876,8,18.2,2.4
4115,2609,1104,178,46,122,6,3,191,31,6,Here are two best ways to count the number of letters in a string using Python.,#pythonï¿½#pythonprogrammingï¿½#pythonprojectsï¿½#pythoncodeï¿½#pythonlearningï¿½#pythondeveloperï¿½#pythoncodingï¿½#pythonprogrammerï¿½#amankharwalï¿½#thecleverprogrammerï¿½#pythonprojects,322,7.825030376670716,2.964763061968408,0.7533414337788579,9,22.8,3.6
2218,1597,411,162,15,28,6,3,81,29,4,Learn the implementation of AlexNet Convolutional Neural Network using Python. Link in Bio,#neuralnetworkï¿½#machinelearningï¿½#artificialintelligenceï¿½#deeplearningï¿½#pythonï¿½#aiï¿½#datascienceï¿½#neuralnetworksï¿½#programmingï¿½#tensorflowï¿½#datascientistï¿½#pythonprogrammingï¿½#techï¿½#technologyï¿½#artificialintelligenceaiï¿½#machinelearningalgorithmsï¿½#computerscienceï¿½#codingï¿½#mlï¿½#dataï¿½#amankharwalï¿½#thecleverprogrammerï¿½#alexnet,118,5.320108205590622,1.2623985572587917,1.3074842200180343,10,26.8,4.0
3234,2414,476,185,75,122,8,14,151,15,0,Hereï¿½s how to get the live stock price data of any company by using the Python programming language.,#pythonï¿½#pythonprogrammingï¿½#pythonprojectsï¿½#pythoncodeï¿½#pythonlearningï¿½#pythondeveloperï¿½#pythoncodingï¿½#pythonprogrammerï¿½#amankharwalï¿½#thecleverprogrammerï¿½#pythonprojects,295,9.12183055040198,3.772418058132344,0.463821892393321,11,24.6,4.0
4344,2168,1274,673,40,119,7,11,162,8,2,"Here are some of the most important Python libraries for data science. If you know the fundamentals of all these Python libraries, you can work on any kind of data science problem.",#dataï¿½#datascienceï¿½#dataanalysisï¿½#dataanalyticsï¿½#datascientistï¿½#machinelearningï¿½#pythonï¿½#pythonprogrammingï¿½#pythonprojectsï¿½#pythoncodeï¿½#artificialintelligenceï¿½#aiï¿½#deeplearningï¿½#algorithmï¿½#algorithmsï¿½#machinelearningalgorithmsï¿½#mlï¿½#amankharwalï¿½#thecleverprogrammer,299,6.8830570902394115,2.7394106813996317,0.1841620626151013,12,23.8,3.2
3216,2524,212,201,223,121,5,5,142,20,4,Hereï¿½s how to visualize an interactive candlestick chart using Python.,#stockmarketï¿½#investingï¿½#stocksï¿½#tradingï¿½#moneyï¿½#investmentï¿½#financeï¿½#forexï¿½#datavisualizationï¿½#datascienceï¿½#dataï¿½#dataanalyticsï¿½#machinelearningï¿½#dataanalysisï¿½#aiï¿½#candlestickï¿½#candlestickchartsï¿½#amankharwalï¿½#thecleverprogrammer,273,8.488805970149253,3.762437810945274,0.6218905472636816,13,20.6,3.2
9453,2525,5799,208,794,100,6,10,294,181,42,Omicron Variant Sentiment Analysis using Python: Link in Bio,#dataï¿½#datascienceï¿½#dataanalysisï¿½#dataanalyticsï¿½#datascientistï¿½#machinelearningï¿½#pythonï¿½#pythonprogrammingï¿½#pythonprojectsï¿½#pythoncodeï¿½#artificialintelligenceï¿½#aiï¿½#deeplearningï¿½#sentimentanalysisï¿½#sentimentï¿½#nlpï¿½#naturallanguageprocessingï¿½#amankharwalï¿½#thecleverprogrammer,410,4.337247434676822,1.0578652279699567,1.9147360626256216,14,50.6,10.4
5055,2017,2351,298,108,101,7,11,159,17,6,"In Data Science, Time Series Analysis is a method of analyzing data collected over an interval of time. Stock price data and covid-19 cases data are examples of time-series data. Time Series Analysis helps understand the underlying causes of trends and patterns at particular time intervals. So it is one of the topics that every data scientist should know perfectly. So if you are looking for some of the best books to learn Time Series Analysis, you can choose any one among these books.",#timeseriesï¿½#timeï¿½#statisticsï¿½#datascienceï¿½#bigdataï¿½#machinelearningï¿½#pythonï¿½#aiï¿½#timeseriesanalysisï¿½#datavisualizationï¿½#dataanalyticsï¿½#dataï¿½#iotï¿½#analysisï¿½#timeseriesmalaysiaï¿½#artificialintelligenceï¿½#analyticsï¿½#amankharwalï¿½#thecleverprogrammer,278,5.499505440158259,1.9980217606330366,0.33630069238377847,15,48.2,10.8
4002,3401,278,128,73,111,17,18,205,16,2,"Here are some of the highest paying skills in 2022 that you should start learning today. These skills do not require you to come from a specific education background. If you are passionate about learning any of these skills, then you can easily find so many free resources on the internet. If you donï¿½t know how to find free resources to learn these skills, feel free to reach meï¿½@aman.kharwal, I will be happy to guide you.",#careerï¿½#jobï¿½#jobsï¿½#jobsearchï¿½#educationï¿½#businessï¿½#successï¿½#careergoalsï¿½#motivationï¿½#workï¿½#careerdevelopmentï¿½#careersï¿½#goalsï¿½#resumeï¿½#studentsï¿½#careeradviceï¿½#datascienceï¿½#marketingï¿½#digitalmarketingï¿½#mediaï¿½#socialmediaï¿½#ITï¿½#webdevelopmentï¿½#amankharwalï¿½#thecleverprogrammer,351,8.770614692653673,2.7736131934032984,0.39980009995002497,16,48.4,11.2
3169,1979,707,341,32,106,8,1,121,21,2,"In Data Science, Time Series Analysis is a method of analyzing data collected over an interval of time. Stock price data and covid-19 cases data are examples of time-series data. Time Series Analysis helps understand the underlying causes of trends and patterns at particular time intervals. So it is one of the topics that every data scientist should know perfectly. So if you are looking for some of the best data science project ideas on Time Series Analysis, you should try to work on these projects.",#timeseriesï¿½#timeï¿½#statisticsï¿½#datascienceï¿½#bigdataï¿½#machinelearningï¿½#pythonï¿½#aiï¿½#timeseriesanalysisï¿½#datavisualizationï¿½#dataanalyticsï¿½#dataï¿½#iotï¿½#analysisï¿½#timeseriesmalaysiaï¿½#artificialintelligenceï¿½#analyticsï¿½#amankharwalï¿½#thecleverprogrammer,236,7.44714420952982,3.3449037551278002,0.6626696118649417,17,51.0,11.2
6168,2177,3450,153,296,82,6,6,151,77,30,"Stress, anxiety, and depression are threatening the mental health of people. Every person has a reason for having a stressful life. People often share their feelings on social media platforms like on Instagram in the form of posts and stories, and on Reddit in the form of asking for suggestions about their life on subreddits. In the past few years, many content creators have come forward to create content to help people with their mental health. Many organizations can use stress detection to find which social media users are stressed to help them quickly. So if you want to learn how to use machine learning to detect stress on social media posts, this data science project is for you. Detection of stress from social media posts with machine learning using Python: Link in Bio.",#dataï¿½#datascienceï¿½#dataanalysisï¿½#dataanalyticsï¿½#datascientistï¿½#machinelearningï¿½#pythonï¿½#pythonprogrammingï¿½#pythonprojectsï¿½#pythoncodeï¿½#artificialintelligenceï¿½#aiï¿½#deeplearningï¿½#machinelearningprojectsï¿½#datascienceprojectsï¿½#amankharwalï¿½#thecleverprogrammerï¿½#machinelearningmodelsï¿½#stressï¿½#stressdetection,245,3.972114137483787,1.3294422827496757,1.248378728923476,18,62.4,16.4
2407,1338,655,276,39,40,8,20,72,10,0,Data Science Use Cases: Hereï¿½s how Zomato is using your data for its future business model.,#dataï¿½#datascienceï¿½#dataanalysisï¿½#dataanalyticsï¿½#datascientistï¿½#machinelearningï¿½#pythonï¿½#pythonprogrammingï¿½#pythonprojectsï¿½#pythoncodeï¿½#artificialintelligenceï¿½#aiï¿½#deeplearningï¿½#machinelearningprojectsï¿½#datascienceprojectsï¿½#amankharwalï¿½#thecleverprogrammerï¿½#machinelearningmodelsï¿½#zomatoï¿½#businessï¿½#casestudyï¿½#businessmodel,140,5.8163689239717495,1.6618196925633568,0.4154549231408392,19,28.2,8.0
2064,1304,362,249,37,49,4,5,76,9,0,"A boxplot is a statistical data visualization technique for analyzing the distribution and patterns of numerical data points of a dataset. It represents quartile 1, quartile 3, median, maximum and minimum data points of a feature which helps to understand the distribution of the numerical values of a dataset. Hereï¿½s how to analyze box plots as a Data Scientist.",#datavisualizationï¿½#datascienceï¿½#dataï¿½#dataanalyticsï¿½#machinelearningï¿½#dataanalysisï¿½#artificialintelligenceï¿½#pythonï¿½#datascientistï¿½#bigdataï¿½#deeplearningï¿½#datavizï¿½#aiï¿½#analyticsï¿½#technologyï¿½#dataanalystï¿½#programmingï¿½#pythonprogrammingï¿½#statisticsï¿½#codingï¿½#businessintelligenceï¿½#dataminingï¿½#techï¿½#businessï¿½#boxplotsï¿½#thecleverprogrammerï¿½#amankharwal,134,6.492248062015504,2.374031007751938,0.436046511627907,20,26.6,6.8
3973,2415,745,676,18,72,3,4,91,11,24,"Activation Functions are functions used in neural networks for calculating the weighted sum of input and biases. It's done to determine if a neuron should be activated or not. What happens is that the input layer receives the training data for training the neural network, the hidden layer is used to do all the calculations which help in finding relationships between the features of the data, and then the output layer gives the results which are controlled by the activation functions. They are placed after the hidden layers to produce the results for the neural network.",#neuralnetworkï¿½#machinelearningï¿½#artificialintelligenceï¿½#deeplearningï¿½#pythonï¿½#aiï¿½#datascienceï¿½#neuralnetworksï¿½#programmingï¿½#tensorflowï¿½#datascientistï¿½#pythonprogrammingï¿½#techï¿½#technologyï¿½#artificialintelligenceaiï¿½#machinelearningalgorithmsï¿½#computerscienceï¿½#codingï¿½#mlï¿½#dataï¿½#amankharwalï¿½#thecleverprogrammer,170,4.278882456581928,1.8122325698464634,0.27686886483765416,21,25.6,11.2
7281,3065,1254,2081,748,167,7,9,195,144,100,Learn how to send automatic emails using the Python programming language: Link in bio.,#pythonï¿½#pythonprogrammingï¿½#pythonprojectsï¿½#pythoncodeï¿½#pythonlearningï¿½#pythondeveloperï¿½#pythoncodingï¿½#pythonprogrammerï¿½#amankharwalï¿½#thecleverprogrammerï¿½#pythonprojects,378,5.19159456118665,2.2936409833814038,1.9777503090234856,22,50.2,30.8
3052,2608,201,121,87,63,5,14,129,14,2,Here are all the programming languages that Google uses in the Front-end and the back-end of Google.,#programmingï¿½#codingï¿½#programmerï¿½#pythonï¿½#developerï¿½#javascriptï¿½#technologyï¿½#codeï¿½#coderï¿½#javaï¿½#htmlï¿½#computerscienceï¿½#techï¿½#cssï¿½#webdeveloperï¿½#softwareï¿½#webdevelopmentï¿½#codinglifeï¿½#softwaredeveloperï¿½#linuxï¿½#programmingmemesï¿½#webdesignï¿½#programmersï¿½#phpï¿½#programminglifeï¿½#machinelearningï¿½#hackingï¿½#pythonprogrammingï¿½#thecleverprogrammerï¿½#amankharwal,211,6.9134993446920046,2.064220183486239,0.45871559633027525,23,37.6,25.2
4628,2406,1260,861,26,144,8,3,160,10,4,"Deep Learning is a subset of machine learning. If you want to become a machine learning engineer, you should know everything about deep learning. If you are looking for some of the best free resources to learn deep learning then here are the two best free resources to learn deep learning.",#deeplearningï¿½#machinelearningï¿½#artificialintelligenceï¿½#datascienceï¿½#aiï¿½#pythonï¿½#codingï¿½#technologyï¿½#programmingï¿½#bigdataï¿½#dataanalyticsï¿½#datascientistï¿½#dataï¿½#computerscienceï¿½#techï¿½#neuralnetworkï¿½#amankharwalï¿½#thecleverprogrammer,315,6.806395851339672,3.1114952463267067,0.216076058772688,24,37.6,26.0
4082,2195,1248,541,36,135,11,5,175,19,6,Deep learning is a subset of machine learning in which we use artificial neural networks to train models to solve complex problems where we need a large amount of data compared to other machine learning algorithms. Here are some of the best deep learning project ideas that you must try.,#deeplearningï¿½#machinelearningï¿½#artificialintelligenceï¿½#datascienceï¿½#aiï¿½#pythonï¿½#codingï¿½#technologyï¿½#programmingï¿½#bigdataï¿½#dataanalyticsï¿½#datascientistï¿½#dataï¿½#computerscienceï¿½#techï¿½#neuralnetworkï¿½#amankharwalï¿½#thecleverprogrammer,326,7.986281234688879,3.3072023517883387,0.46545810877021065,25,39.6,27.2
5394,2275,2975,45,65,61,19,6,147,69,6,"You must have heard or invested in any cryptocurrency once in your life. It is a digital medium of exchange that is encrypted and decentralized. If you want to know how to predict the future prices of any cryptocurrency with machine learning, this will help you. Here you will learn how to predict the future prices of bitcoin with machine learning using Python.",#dataï¿½#datascienceï¿½#dataanalysisï¿½#dataanalyticsï¿½#datascientistï¿½#machinelearningï¿½#pythonï¿½#pythonprogrammingï¿½#pythonprojectsï¿½#pythoncodeï¿½#artificialintelligenceï¿½#aiï¿½#deeplearningï¿½#machinelearningprojectsï¿½#datascienceprojectsï¿½#amankharwalï¿½#thecleverprogrammerï¿½#bitcoinï¿½#cryptocurrency,233,4.31961438635521,1.1308861698183166,1.2791991101223583,26,51.2,23.6
2766,2541,116,51,9,40,10,4,114,11,6,Here are all the programming languages that Facebook uses in the Front-end and the back-end of Facebook.,#programmingï¿½#codingï¿½#programmerï¿½#pythonï¿½#developerï¿½#javascriptï¿½#technologyï¿½#codeï¿½#coderï¿½#javaï¿½#htmlï¿½#computerscienceï¿½#techï¿½#cssï¿½#webdeveloperï¿½#softwareï¿½#webdevelopmentï¿½#codinglifeï¿½#softwaredeveloperï¿½#linuxï¿½#programmingmemesï¿½#webdesignï¿½#programmersï¿½#phpï¿½#programminglifeï¿½#machinelearningï¿½#hackingï¿½#pythonprogrammingï¿½#thecleverprogrammerï¿½#amankharwal,168,6.073752711496746,1.4461315979754157,0.39768618944323936,27,24.6,4.8
3924,2244,1278,326,34,139,11,3,151,19,2,Here are some of the most popular data science case studies and projects that every data science beginner should try. You can find these case studies and projects with solutions at Kaggle.,#dataï¿½#datascienceï¿½#dataanalysisï¿½#dataanalyticsï¿½#datascientistï¿½#machinelearningï¿½#pythonï¿½#pythonprogrammingï¿½#pythonprojectsï¿½#pythoncodeï¿½#artificialintelligenceï¿½#aiï¿½#deeplearningï¿½#algorithmï¿½#algorithmsï¿½#machinelearningalgorithmsï¿½#mlï¿½#amankharwalï¿½#thecleverprogrammerï¿½#projectsï¿½#casestudies,304,7.747196738022426,3.5423037716615693,0.4841997961264016,28,25.6,4.8
3015,2034,771,115,41,52,11,4,92,9,2,Hereï¿½s how Amazon uses your data as an e-commerce platform. I hope this post will help you to understand how Amazon is using data science to improve the quality of its services.,#dataï¿½#datascienceï¿½#dataanalysisï¿½#dataanalyticsï¿½#datascientistï¿½#machinelearningï¿½#pythonï¿½#pythonprogrammingï¿½#pythonprojectsï¿½#pythoncodeï¿½#artificialintelligenceï¿½#aiï¿½#deeplearningï¿½#machinelearningprojectsï¿½#datascienceprojectsï¿½#amankharwalï¿½#thecleverprogrammerï¿½#machinelearningmodelsï¿½#zomatoï¿½#businessï¿½#casestudyï¿½#businessmodelï¿½#amazonfinds,159,5.273631840796019,1.7247097844112769,0.2985074626865672,29,25.4,4.4
6666,1977,4604,48,23,84,9,3,214,57,20,Google Search Analysis is one of the best data analysis project ideas for someone who wants to work as a data analyst in marketing. Here your task is to analyze the search trends on Google. You can learn how to analyze the google search trends by visiting the link in bio.,#dataï¿½#datascienceï¿½#dataanalysisï¿½#dataanalyticsï¿½#datascientistï¿½#machinelearningï¿½#pythonï¿½#pythonprogrammingï¿½#pythonprojectsï¿½#pythoncodeï¿½#artificialintelligenceï¿½#aiï¿½#deeplearningï¿½#machinelearningprojectsï¿½#datascienceprojectsï¿½#amankharwalï¿½#thecleverprogrammer,310,4.65046504650465,1.2601260126012601,0.8550855085508551,30,33.0,7.2
3854,1975,1721,60,43,81,11,15,150,13,2,Here are all the databases that Google uses.,#dataï¿½#technologyï¿½#datascienceï¿½#businessï¿½#techï¿½#bigdataï¿½#dataanalyticsï¿½#machinelearningï¿½#aiï¿½#analyticsï¿½#datavisualizationï¿½#securityï¿½#artificialintelligenceï¿½#cybersecurityï¿½#programmingï¿½#pythonï¿½#softwareï¿½#codingï¿½#networkï¿½#internetï¿½#cloudï¿½#dataanalysisï¿½#innovationï¿½#datascientistï¿½#databaseï¿½#amankharwalï¿½#thecleverprogrammerï¿½#google,257,6.668396471198755,2.101712506486767,0.33731188375713544,31,21.8,6.4
4355,2879,139,1239,32,79,8,4,122,11,4,Here are some of the popular programming languages with their uses.,#programmingï¿½#codingï¿½#programmerï¿½#pythonï¿½#developerï¿½#javascriptï¿½#technologyï¿½#codeï¿½#coderï¿½#javaï¿½#htmlï¿½#computerscienceï¿½#techï¿½#cssï¿½#webdeveloperï¿½#softwareï¿½#webdevelopmentï¿½#codinglifeï¿½#softwaredeveloperï¿½#linuxï¿½#programmingmemesï¿½#webdesignï¿½#programmersï¿½#phpï¿½#programminglifeï¿½#machinelearningï¿½#hackingï¿½#pythonprogrammingï¿½#thecleverprogrammerï¿½#amankharwal,213,4.890929965556831,1.8140068886337544,0.25258323765786456,32,21.8,6.0
4343,2278,1460,521,27,105,6,3,152,24,8,Natural language processing or NLP is a subfield of artificial intelligence where we build applications to interact with humans. Here is the complete process that you should follow while working on every problem based on natural language processing.,#dataï¿½#datascienceï¿½#dataanalysisï¿½#dataanalyticsï¿½#datascientistï¿½#machinelearningï¿½#pythonï¿½#pythonprogrammingï¿½#pythonprojectsï¿½#pythoncodeï¿½#artificialintelligenceï¿½#aiï¿½#deeplearningï¿½#sentimentanalysisï¿½#sentimentï¿½#nlpï¿½#naturallanguageprocessingï¿½#amankharwalï¿½#thecleverprogrammer,266,6.124798526364264,2.417683628827999,0.5526134008749712,33,22.8,7.2
6108,2679,2803,562,26,90,7,8,196,81,26,LSTM stands for Long Short Term Memory Networks. It is a type of recurrent neural network that is commonly used for regression and time series forecasting in machine learning. Here you will learn how to use the LSTM Neural Network for the task of Stock Price Prediction using Python.,#neuralnetworkï¿½#machinelearningï¿½#artificialintelligenceï¿½#deeplearningï¿½#pythonï¿½#aiï¿½#datascienceï¿½#neuralnetworksï¿½#programmingï¿½#tensorflowï¿½#datascientistï¿½#pythonprogrammingï¿½#techï¿½#technologyï¿½#artificialintelligenceaiï¿½#machinelearningalgorithmsï¿½#computerscienceï¿½#codingï¿½#mlï¿½#dataï¿½#amankharwalï¿½#thecleverprogrammer,301,4.927963326784545,1.4734774066797642,1.3261296660117878,34,37.2,12.0
2523,1659,796,29,21,34,6,0,86,4,2,Tokenization is the first step you should perform after collecting a textual dataset in every problem based on Natural Language Processing. Sentence and Word tokenization are two different strategies of tokenization that you should know.,#dataï¿½#datascienceï¿½#dataanalysisï¿½#dataanalyticsï¿½#datascientistï¿½#machinelearningï¿½#pythonï¿½#pythonprogrammingï¿½#pythonprojectsï¿½#pythoncodeï¿½#artificialintelligenceï¿½#aiï¿½#deeplearningï¿½#sentimentanalysisï¿½#sentimentï¿½#nlpï¿½#naturallanguageprocessingï¿½#amankharwalï¿½#thecleverprogrammer,126,4.9940546967895365,1.3476020610384463,0.15854141894569956,35,26.6,8.4
2327,1774,435,59,35,45,3,3,85,7,2,Here are all the databases that are used by Facebook.,#dataï¿½#technologyï¿½#datascienceï¿½#businessï¿½#techï¿½#bigdataï¿½#dataanalyticsï¿½#machinelearningï¿½#aiï¿½#analyticsï¿½#datavisualizationï¿½#securityï¿½#artificialintelligenceï¿½#cybersecurityï¿½#programmingï¿½#pythonï¿½#softwareï¿½#codingï¿½#networkï¿½#internetï¿½#cloudï¿½#dataanalysisï¿½#innovationï¿½#datascientistï¿½#databaseï¿½#amankharwalï¿½#thecleverprogrammerï¿½#facebook,136,5.844434894714224,1.9338203695745595,0.30081650193382037,36,25.4,8.4
3990,2123,1482,332,36,98,4,11,156,14,4,Here are some of the best data science project ideas on natural language processing that you should try.,#dataï¿½#datascienceï¿½#dataanalysisï¿½#dataanalyticsï¿½#datascientistï¿½#machinelearningï¿½#pythonï¿½#pythonprogrammingï¿½#pythonprojectsï¿½#pythoncodeï¿½#artificialintelligenceï¿½#aiï¿½#deeplearningï¿½#sentimentanalysisï¿½#sentimentï¿½#nlpï¿½#naturallanguageprocessingï¿½#amankharwalï¿½#thecleverprogrammer,269,6.741854636591478,2.456140350877193,0.3508771929824561,37,26.0,8.4
2191,1308,809,45,18,35,2,1,72,18,0,Language detection is a natural language processing task where we need to identify the language of a text or document. Here you will learn how to train a machine learning model for language detection using Python.,#dataï¿½#datascienceï¿½#dataanalysisï¿½#dataanalyticsï¿½#datascientistï¿½#machinelearningï¿½#pythonï¿½#pythonprogrammingï¿½#pythonprojectsï¿½#pythoncodeï¿½#artificialintelligenceï¿½#aiï¿½#deeplearningï¿½#sentimentanalysisï¿½#sentimentï¿½#nlpï¿½#naturallanguageprocessingï¿½#amankharwalï¿½#thecleverprogrammer,110,5.020538566864445,1.5974440894568689,0.8215426745778184,38,24.8,6.8
1941,1466,411,37,17,49,6,3,82,8,2,A neural network is a computational structure that connects an input layer to an output layer. Hereï¿½s how a neural network works.,#neuralnetworkï¿½#machinelearningï¿½#artificialintelligenceï¿½#deeplearningï¿½#pythonï¿½#aiï¿½#datascienceï¿½#neuralnetworksï¿½#programmingï¿½#tensorflowï¿½#datascientistï¿½#pythonprogrammingï¿½#techï¿½#technologyï¿½#artificialintelligenceaiï¿½#machinelearningalgorithmsï¿½#computerscienceï¿½#codingï¿½#mlï¿½#dataï¿½#amankharwalï¿½#thecleverprogrammer,140,7.212776919113859,2.5244719216898504,0.41215868109222054,39,10.2,2.0
16062,3144,11817,564,468,252,6,20,416,330,94,280 Machine Learning Projects Solved & Explained using Python programming language: Link in Bio,#dataï¿½#datascienceï¿½#dataanalysisï¿½#dataanalyticsï¿½#datascientistï¿½#machinelearningï¿½#pythonï¿½#pythonprogrammingï¿½#pythonprojectsï¿½#pythoncodeï¿½#artificialintelligenceï¿½#aiï¿½#deeplearningï¿½#machinelearningprojectsï¿½#datascienceprojectsï¿½#amankharwalï¿½#thecleverprogrammer,694,4.3207570663678245,1.5689204333208817,2.054538662682107,40,75.4,20.4
4998,2331,2195,318,75,167,4,13,180,21,8,Here is how you can prepare yourself for your very first data science interview.,#dataï¿½#datascienceï¿½#dataanalysisï¿½#dataanalyticsï¿½#datascientistï¿½#machinelearningï¿½#pythonï¿½#pythonprogrammingï¿½#pythonprojectsï¿½#pythoncodeï¿½#artificialintelligenceï¿½#aiï¿½#deeplearningï¿½#machinelearningprojectsï¿½#datascienceprojectsï¿½#amankharwalï¿½#thecleverprogrammerï¿½#interviewï¿½#datascienceinterview,364,7.282913165266107,3.3413365346138457,0.42016806722689076,41,78.2,21.6
4289,2746,869,589,24,111,8,4,150,19,18,Here is the difference between the process of Deep Learning and Machine Learning.,#dataï¿½#datascienceï¿½#dataanalysisï¿½#dataanalyticsï¿½#datascientistï¿½#machinelearningï¿½#pythonï¿½#pythonprogrammingï¿½#pythonprojectsï¿½#pythoncodeï¿½#artificialintelligenceï¿½#aiï¿½#deeplearningï¿½#machinelearningprojectsï¿½#datascienceprojectsï¿½#amankharwalï¿½#thecleverprogrammerï¿½#interviewï¿½#neuralnetworks,273,6.365120074609466,2.588015854511541,0.44299370482629985,42,79.2,24.4
3880,2207,1109,199,317,90,4,2,127,32,10,"Each company has its ways of creating an OTP for verification, but most of the companies have their systems programmed to generate a 6-digit random number. So here you will learn the complete process of OTP verification using Python.",#pythonï¿½#pythonprogrammingï¿½#pythonprojectsï¿½#pythoncodeï¿½#pythonlearningï¿½#pythondeveloperï¿½#pythoncodingï¿½#pythonprogrammerï¿½#amankharwalï¿½#thecleverprogrammerï¿½#pythonprojectsï¿½#otpï¿½#otpverification,223,5.747422680412371,2.3195876288659796,0.8247422680412372,43,82.0,26.4
3786,2632,616,468,25,144,9,5,167,19,4,Hereï¿½s how you can create a QR code by using the Python programming language.,#pythonï¿½#pythonprogrammingï¿½#pythonprojectsï¿½#pythoncodeï¿½#pythonlearningï¿½#pythondeveloperï¿½#pythoncodingï¿½#pythonprogrammerï¿½#amankharwalï¿½#thecleverprogrammerï¿½#pythonprojectsï¿½#qrcodes,325,8.584257791864765,3.8034865293185423,0.5018489170628632,44,84.2,26.8
4298,3050,969,181,64,263,6,19,225,21,4,Here are some of the best Python project ideas for resume that you can work on as a Python developer.,#pythonï¿½#pythonprogrammingï¿½#pythonprojectsï¿½#pythoncodeï¿½#pythonlearningï¿½#pythondeveloperï¿½#pythoncodingï¿½#pythonprogrammerï¿½#amankharwalï¿½#thecleverprogrammerï¿½#pythonprojects,513,11.935784085621219,6.119125174499768,0.4885993485342019,45,22.4,8.8
3630,1747,1693,72,86,137,4,10,137,14,4,Here are some of the best data analysis project ideas for resume that you should try.,#dataï¿½#datascienceï¿½#dataanalysisï¿½#dataanalyticsï¿½#datascientistï¿½#machinelearningï¿½#pythonï¿½#pythonprogrammingï¿½#pythonprojectsï¿½#pythoncodeï¿½#artificialintelligenceï¿½#aiï¿½#deeplearningï¿½#machinelearningprojectsï¿½#datascienceprojectsï¿½#amankharwalï¿½#thecleverprogrammer,288,7.933884297520661,3.774104683195592,0.3856749311294766,46,21.0,8.0
2826,2108,583,76,34,67,3,3,114,30,4,Visualizing data is one of the most valuable skills every Data Scientist and Analyst should have. There are a lot of data visualizations to learn in data science. Here you will find a list of all data visualizations for data science explained using Python.,#dataanalyticsï¿½#datascienceï¿½#dataï¿½#machinelearningï¿½#datavisualizationï¿½#bigdataï¿½#artificialintelligenceï¿½#datascientistï¿½#pythonï¿½#analyticsï¿½#aiï¿½#dataanalysisï¿½#deeplearningï¿½#technologyï¿½#programmingï¿½#codingï¿½#dataanalystï¿½#businessï¿½#pythonprogrammingï¿½#dataminingï¿½#techï¿½#businessintelligenceï¿½#databaseï¿½#computerscienceï¿½#statisticsï¿½#powerbiï¿½#dataanalysisprojectsï¿½#businessanalyticsï¿½#thecleverprogrammerï¿½#amankharwal,187,6.617126680820948,2.3708421797593773,1.0615711252653928,47,23.2,5.2
7407,2782,1938,2237,226,288,5,15,263,39,18,Here are some of the most important machine learning algorithms that every beginner in machine learning should know.,#dataï¿½#datascienceï¿½#dataanalysisï¿½#dataanalyticsï¿½#datascientistï¿½#machinelearningï¿½#pythonï¿½#pythonprogrammingï¿½#pythonprojectsï¿½#pythoncodeï¿½#artificialintelligenceï¿½#aiï¿½#deeplearningï¿½#machinelearningprojectsï¿½#datascienceprojectsï¿½#amankharwalï¿½#thecleverprogrammer,571,7.708923990819495,3.8882138517618468,0.5265289590927501,48,24.6,6.8
10386,4137,3551,2355,205,668,8,41,328,42,38,Here are some of the best websites that you can follow to learn everything in data science.,#dataï¿½#datascienceï¿½#dataanalysisï¿½#dataanalyticsï¿½#datascientistï¿½#machinelearningï¿½#pythonï¿½#pythonprogrammingï¿½#pythonprojectsï¿½#pythoncodeï¿½#artificialintelligenceï¿½#aiï¿½#deeplearningï¿½#machinelearningprojectsï¿½#datascienceprojectsï¿½#amankharwalï¿½#thecleverprogrammer,1045,10.061621413441172,6.431735027922203,0.4043905257076834,49,29.2,13.6
2998,1945,794,84,139,42,4,1,126,31,10,Time series analysis means analyzing and finding patterns in a time series dataset. A time-series dataset is a sequence of data collected over an interval of time. Here you will learn how to do Time Series Analysis using Python.,#timeseriesï¿½#timeï¿½#statisticsï¿½#datascienceï¿½#bigdataï¿½#machinelearningï¿½#pythonï¿½#aiï¿½#timeseriesanalysisï¿½#datavisualizationï¿½#dataanalyticsï¿½#dataï¿½#iotï¿½#analysisï¿½#timeseriesmalaysiaï¿½#artificialintelligenceï¿½#analyticsï¿½#amankharwalï¿½#thecleverprogrammer,173,5.770513675783856,1.400933955970647,1.0340226817878586,50,31.2,14.8
7018,2569,4221,796,83,342,9,16,236,20,12,Here are some of the best data sources that you can use to collect data for your data science projects.,#dataï¿½#datascienceï¿½#dataanalysisï¿½#dataanalyticsï¿½#datascientistï¿½#machinelearningï¿½#pythonï¿½#pythonprogrammingï¿½#pythonprojectsï¿½#pythoncodeï¿½#artificialintelligenceï¿½#aiï¿½#deeplearningï¿½#machinelearningprojectsï¿½#datascienceprojectsï¿½#amankharwalï¿½#thecleverprogrammer,603,8.592191507552009,4.8731832430891995,0.28498147620404674,51,32.4,16.4
2941,1716,1058,84,48,48,2,1,99,12,4,"One of the mistakes data science newbies make while working on a machine learning project is that they train a machine learning model, check its accuracy score, and then complete the project. They do not test the performance of the model by giving inputs to the model based on the features they used to train it. Here you will learn how to give inputs to a machine learning model to test its performance.",#dataï¿½#datascienceï¿½#dataanalysisï¿½#dataanalyticsï¿½#datascientistï¿½#machinelearningï¿½#pythonï¿½#pythonprogrammingï¿½#pythonprojectsï¿½#pythoncodeï¿½#artificialintelligenceï¿½#aiï¿½#deeplearningï¿½#machinelearningprojectsï¿½#datascienceprojectsï¿½#amankharwalï¿½#thecleverprogrammer,150,5.100306018361102,1.6320979258755526,0.40802448146888814,52,28.8,16.4
6432,2812,2974,468,72,250,11,8,212,22,4,Here are some of the best data science project ideas for resume that you should try in 2022.,#dataï¿½#datascienceï¿½#dataanalysisï¿½#dataanalyticsï¿½#datascientistï¿½#machinelearningï¿½#pythonï¿½#pythonprogrammingï¿½#pythonprojectsï¿½#pythoncodeï¿½#artificialintelligenceï¿½#aiï¿½#deeplearningï¿½#machinelearningprojectsï¿½#datascienceprojectsï¿½#amankharwalï¿½#thecleverprogrammer,481,7.47823383084577,3.8868159203980097,0.3420398009950249,53,25.4,13.6
10667,3152,6564,617,187,219,13,15,297,306,74,170 Python Projects with Source Code solved and explained for free: Link in Bio,#pythonï¿½#pythonprogrammingï¿½#pythonprojectsï¿½#pythoncodeï¿½#pythonlearningï¿½#pythondeveloperï¿½#pythoncodingï¿½#pythonprogrammerï¿½#amankharwalï¿½#thecleverprogrammerï¿½#pythonprojects,544,5.099840629980313,2.053060841848692,2.868660354363926,54,78.2,20.8
3988,2415,802,545,64,118,6,9,142,13,0,Here are some of the most important data visualizations that every data scientist must know.,#datavisualizationï¿½#datascienceï¿½#dataï¿½#dataanalyticsï¿½#machinelearningï¿½#dataanalysisï¿½#artificialintelligenceï¿½#pythonï¿½#datascientistï¿½#bigdataï¿½#deeplearningï¿½#datavizï¿½#aiï¿½#analyticsï¿½#technologyï¿½#dataanalystï¿½#programmingï¿½#pythonprogrammingï¿½#statisticsï¿½#codingï¿½#businessintelligenceï¿½#dataminingï¿½#techï¿½#businessï¿½#computerscienceï¿½#tableauï¿½#databaseï¿½#bigdataanalyticsï¿½#powerbi,275,6.89568706118355,2.958876629889669,0.3259779338014042,55,74.6,18.8
4978,2125,2249,354,99,143,9,2,186,26,6,Here are some of the best data science projects ideas based on recommendation systems that you should try.,#recommendedï¿½#recommendationsï¿½#recommendationsystemï¿½#recommendationï¿½#dataï¿½#datascienceï¿½#dataanalysisï¿½#dataanalyticsï¿½#datascientistï¿½#machinelearningï¿½#pythonï¿½#pythonprogrammingï¿½#pythonprojectsï¿½#pythoncodeï¿½#artificialintelligenceï¿½#aiï¿½#amankharwalï¿½#thecleverprogrammer,340,6.830052229811169,2.872639614302933,0.5222981116914424,56,75.8,17.6
3388,1975,1018,244,44,99,1,7,112,16,6,"Variance, covariance, and correlation are statistical measures for finding the relationship between data points in a dataset. Hereï¿½s the difference between variance, covariance, and correlation that you should know.",#datavisualizationï¿½#datascienceï¿½#dataï¿½#dataanalyticsï¿½#machinelearningï¿½#dataanalysisï¿½#artificialintelligenceï¿½#pythonï¿½#datascientistï¿½#bigdataï¿½#deeplearningï¿½#datavizï¿½#aiï¿½#analyticsï¿½#technologyï¿½#dataanalystï¿½#programmingï¿½#pythonprogrammingï¿½#statisticsï¿½#amankharwalï¿½#thecleverprogrammer,219,6.463990554899645,2.922077922077922,0.47225501770956313,57,76.6,18.0
4467,1910,1880,492,60,89,3,16,149,15,0,Here are some of the popular applications of data science in finance.,#dataï¿½#datascienceï¿½#dataanalysisï¿½#dataanalyticsï¿½#datascientistï¿½#machinelearningï¿½#pythonï¿½#pythonprogrammingï¿½#pythonprojectsï¿½#pythoncodeï¿½#artificialintelligenceï¿½#aiï¿½#deeplearningï¿½#machinelearningprojectsï¿½#datascienceprojectsï¿½#amankharwalï¿½#thecleverprogrammerï¿½#financeï¿½#businessï¿½#moneyï¿½#investing,257,5.753301992388628,1.9923886277143497,0.33579583613163194,58,75.2,17.2
3246,2508,166,360,139,148,5,14,132,15,6,Here are some of the best websites to prepare for coding interviews.,#codingï¿½#programmingï¿½#programmerï¿½#pythonï¿½#developerï¿½#javascriptï¿½#codeï¿½#coderï¿½#technologyï¿½#htmlï¿½#computerscienceï¿½#codinglifeï¿½#javaï¿½#webdeveloperï¿½#techï¿½#cssï¿½#webdevelopmentï¿½#softwareï¿½#softwaredeveloperï¿½#interviewï¿½#jobï¿½#codinginterviewï¿½#amankharwalï¿½#thecleverprogrammer,299,9.211337030191004,4.559457794208257,0.46210720887245843,59,17.0,3.6
5072,1780,3090,69,76,42,7,6,115,39,12,"The introduction of online payment systems has helped a lot in the ease of payments. But, at the same time, it increased in payment frauds. Here you will learn how to detect online payment frauds with machine learning using Python.",#dataï¿½#datascienceï¿½#dataanalysisï¿½#dataanalyticsï¿½#datascientistï¿½#machinelearningï¿½#pythonï¿½#pythonprogrammingï¿½#pythonprojectsï¿½#pythoncodeï¿½#artificialintelligenceï¿½#aiï¿½#deeplearningï¿½#machinelearningprojectsï¿½#datascienceprojectsï¿½#amankharwalï¿½#thecleverprogrammer,170,3.3517350157728707,0.8280757097791799,0.7689274447949527,60,22.2,6.0
6339,2190,4036,48,27,171,8,5,248,21,10,Here are some of the best data science project ideas on healthcare. If you want to become a data science professional in the healthcare domain then you must try to work on these projects.,#healthcareï¿½#healthï¿½#covidï¿½#dataï¿½#datascienceï¿½#dataanalysisï¿½#dataanalyticsï¿½#datascientistï¿½#machinelearningï¿½#pythonï¿½#pythonprogrammingï¿½#pythonprojectsï¿½#pythoncodeï¿½#artificialintelligenceï¿½#aiï¿½#dataanalystï¿½#amankharwalï¿½#thecleverprogrammer,432,6.814955040227165,2.6975863700899194,0.3312825366777094,61,21.2,6.8
4239,1711,2429,36,50,109,2,1,178,8,8,Here are some of the most important tools that I use daily as a Data Scientist/Analyst.,#dataï¿½#datascienceï¿½#dataanalysisï¿½#dataanalyticsï¿½#datascientistï¿½#machinelearningï¿½#pythonï¿½#pythonprogrammingï¿½#pythonprojectsï¿½#pythoncodeï¿½#artificialintelligenceï¿½#aiï¿½#deeplearningï¿½#machinelearningprojectsï¿½#datascienceprojectsï¿½#amankharwalï¿½#thecleverprogrammer,290,6.841236140599198,2.5713611700872847,0.1887237556027365,62,19.6,7.2
3454,1663,1284,166,234,38,0,0,107,45,8,Here you will learn how to visualize the linear regression algorithm in machine learning using Python. Find this complete tutorial from the link in bio??,#dataï¿½#datascienceï¿½#dataanalysisï¿½#dataanalyticsï¿½#datascientistï¿½#machinelearningï¿½#pythonï¿½#pythonprogrammingï¿½#pythonprojectsï¿½#pythoncodeï¿½#artificialintelligenceï¿½#aiï¿½#deeplearningï¿½#algorithmï¿½#algorithmsï¿½#machinelearningalgorithmsï¿½#amankharwalï¿½#thecleverprogrammer,145,4.1980312680949625,1.1001737116386796,1.3028372900984364,63,25.6,8.8
7571,3717,841,1716,1115,421,7,12,269,50,46,Here are some of the very useful Python scripts that you can use to solve real-time problems in your projects.,#pythonï¿½#pythonprogrammingï¿½#pythonprojectsï¿½#pythoncodeï¿½#pythonlearningï¿½#pythondeveloperï¿½#pythoncodingï¿½#pythonprogrammerï¿½#amankharwalï¿½#thecleverprogrammer,709,9.36468101968036,5.560692114647999,0.660414740457007,64,32.6,16.8
3333,1502,1423,182,148,38,3,5,96,37,12,"If you want to know how to predict the future prices of any cryptocurrency with machine learning, this will help you. Here you will learn how to predict the future prices of bitcoin with machine learning using Python.",#dataï¿½#datascienceï¿½#dataanalysisï¿½#dataanalyticsï¿½#datascientistï¿½#machinelearningï¿½#pythonï¿½#pythonprogrammingï¿½#pythonprojectsï¿½#pythoncodeï¿½#artificialintelligenceï¿½#aiï¿½#deeplearningï¿½#machinelearningprojectsï¿½#datascienceprojectsï¿½#amankharwalï¿½#thecleverprogrammerï¿½#bitcoinï¿½#cryptocurrency,142,4.26042604260426,1.14011401140114,1.11011101110111,65,32.2,16.8
3818,2357,442,250,536,116,6,0,134,25,10,"To calculate the execution time of the program, we need to calculate the time taken by the program from its initiation to the final result. Hereï¿½s how to calculate the execution time of a Python program.",#pythonï¿½#pythonprogrammingï¿½#pythonprojectsï¿½#pythoncodeï¿½#pythonlearningï¿½#pythondeveloperï¿½#pythoncodingï¿½#pythonprogrammerï¿½#amankharwalï¿½#thecleverprogrammer,256,6.705081194342588,3.0382399161864853,0.6547930853850183,66,33.0,16.8
10933,3152,6610,623,334,225,13,15,301,347,94,170 Python Projects with Source Code solved and explained for free: Link in Bio,#pythonï¿½#pythonprogrammingï¿½#pythonprojectsï¿½#pythoncodeï¿½#pythonlearningï¿½#pythondeveloperï¿½#pythoncodingï¿½#pythonprogrammerï¿½#amankharwalï¿½#thecleverprogrammerï¿½#pythonprojects,554,5.067227659379859,2.057989572852831,3.1738772523552545,67,100.8,34.0
5058,2125,2250,362,111,144,9,2,187,26,6,Here are some of the best data science projects ideas based on recommendation systems that you should try.,#recommendedï¿½#recommendationsï¿½#recommendationsystemï¿½#recommendationï¿½#dataï¿½#datascienceï¿½#dataanalysisï¿½#dataanalyticsï¿½#datascientistï¿½#machinelearningï¿½#pythonï¿½#pythonprogrammingï¿½#pythonprojectsï¿½#pythoncodeï¿½#artificialintelligenceï¿½#aiï¿½#amankharwalï¿½#thecleverprogrammer,342,6.761565836298933,2.8469750889679712,0.5140371688414392,68,97.0,33.6
3601,1570,1518,174,167,51,0,3,94,48,10,One of the most popular use cases of data science is the task of sentiment analysis of product reviews sold on e-commerce platforms. Here you will learn how to analyze the sentiments of Flipkart reviews using Python.,#dataï¿½#datascienceï¿½#dataanalysisï¿½#dataanalyticsï¿½#datascientistï¿½#machinelearningï¿½#pythonï¿½#pythonprogrammingï¿½#pythonprojectsï¿½#pythoncodeï¿½#artificialintelligenceï¿½#aiï¿½#deeplearningï¿½#sentimentanalysisï¿½#sentimentï¿½#nlpï¿½#naturallanguageprocessingï¿½#amankharwalï¿½#thecleverprogrammerï¿½#flipkart,148,4.109969452929742,1.416273257428492,1.3329630658150513,69,96.6,26.4
3480,1975,1019,245,72,104,1,7,114,16,6,"Variance, covariance, and correlation are statistical measures for finding the relationship between data points in a dataset. Hereï¿½s the difference between variance, covariance, and correlation that you should know.",#datavisualizationï¿½#datascienceï¿½#dataï¿½#dataanalyticsï¿½#machinelearningï¿½#dataanalysisï¿½#artificialintelligenceï¿½#pythonï¿½#datascientistï¿½#bigdataï¿½#deeplearningï¿½#datavizï¿½#aiï¿½#analyticsï¿½#technologyï¿½#dataanalystï¿½#programmingï¿½#pythonprogrammingï¿½#statisticsï¿½#amankharwalï¿½#thecleverprogrammer,226,6.494252873563218,2.9885057471264367,0.45977011494252873,70,92.4,25.2
3525,1323,1699,182,292,33,5,0,96,26,4,You must have seen the news divided into categories when you go to a news website. Here you will learn how to classify news articles with machine learning using Python.,#dataï¿½#datascienceï¿½#dataanalysisï¿½#dataanalyticsï¿½#datascientistï¿½#machinelearningï¿½#pythonï¿½#pythonprogrammingï¿½#pythonprojectsï¿½#pythoncodeï¿½#artificialintelligenceï¿½#aiï¿½#deeplearningï¿½#machinelearningprojectsï¿½#datascienceprojectsï¿½#amankharwalï¿½#thecleverprogrammerï¿½#news,134,3.801418439716312,0.9361702127659575,0.7375886524822695,71,92.6,24.0
3606,2509,183,446,300,174,5,15,138,17,12,Here are some of the best websites to prepare for coding interviews.,#codingï¿½#programmingï¿½#programmerï¿½#pythonï¿½#developerï¿½#javascriptï¿½#codeï¿½#coderï¿½#technologyï¿½#htmlï¿½#computerscienceï¿½#codinglifeï¿½#javaï¿½#webdeveloperï¿½#techï¿½#cssï¿½#webdevelopmentï¿½#softwareï¿½#softwaredeveloperï¿½#interviewï¿½#jobï¿½#codinginterviewï¿½#amankharwalï¿½#thecleverprogrammer,332,9.20687742651137,4.825291181364393,0.4714364947310039,72,26.6,7.6
5542,1782,3212,213,168,46,7,6,122,52,16,"The introduction of online payment systems has helped a lot in the ease of payments. But, at the same time, it increased in payment frauds. Here you will learn how to detect online payment frauds with machine learning using Python.",#dataï¿½#datascienceï¿½#dataanalysisï¿½#dataanalyticsï¿½#datascientistï¿½#machinelearningï¿½#pythonï¿½#pythonprogrammingï¿½#pythonprojectsï¿½#pythoncodeï¿½#artificialintelligenceï¿½#aiï¿½#deeplearningï¿½#machinelearningprojectsï¿½#datascienceprojectsï¿½#amankharwalï¿½#thecleverprogrammer,181,3.265968964272826,0.8300252616383976,0.9382894261999277,73,31.8,9.6
6559,2225,4041,158,72,179,8,6,257,22,12,Here are some of the best data science project ideas on healthcare. If you want to become a data science professional in the healthcare domain then you must try to work on these projects.,#healthcareï¿½#healthï¿½#covidï¿½#dataï¿½#datascienceï¿½#dataanalysisï¿½#dataanalyticsï¿½#datascientistï¿½#machinelearningï¿½#pythonï¿½#pythonprogrammingï¿½#pythonprojectsï¿½#pythoncodeï¿½#artificialintelligenceï¿½#aiï¿½#dataanalystï¿½#amankharwalï¿½#thecleverprogrammer,450,6.860801951517,2.729074554047873,0.33541698429638667,74,26.6,10.0
3623,1179,1527,157,655,34,3,0,95,41,8,Learn how to create an interactive language translator using Python: Link in Bio,#pythonï¿½#pythonprogrammingï¿½#pythonprojectsï¿½#pythoncodeï¿½#pythonlearningï¿½#pythondeveloperï¿½#pythoncodingï¿½#pythonprogrammerï¿½#amankharwalï¿½#thecleverprogrammerï¿½#naturallanguageprocessingï¿½#nlp,132,3.643389456251725,0.9384487993375654,1.1316588462600055,75,31.6,10.4
10493,2106,7761,248,238,99,9,1,244,155,32,Here is a list of 100+ Machine Learning Algorithms and Models explained using Python that will help you to understand the implementation of all the machine learning algorithms and models in solving real-time business problems. You can find this list of 100+ Machine Learning Algorithms and Models from the link in bio.,#dataï¿½#datascienceï¿½#dataanalysisï¿½#dataanalyticsï¿½#datascientistï¿½#machinelearningï¿½#pythonï¿½#pythonprogrammingï¿½#pythonprojectsï¿½#pythoncodeï¿½#artificialintelligenceï¿½#aiï¿½#deeplearningï¿½#algorithmï¿½#algorithmsï¿½#machinelearningalgorithmsï¿½#amankharwalï¿½#thecleverprogrammer,353,3.3641475269227104,0.9434861336128848,1.477175259696941,76,57.4,16.0
4446,2454,1590,192,69,174,6,11,190,12,8,Here are some of the best YouTube channels that you can follow to learn data science.,#dataï¿½#datascienceï¿½#dataanalysisï¿½#dataanalyticsï¿½#datascientistï¿½#machinelearningï¿½#pythonï¿½#pythonprogrammingï¿½#pythonprojectsï¿½#pythoncodeï¿½#artificialintelligenceï¿½#aiï¿½#deeplearningï¿½#machinelearningprojectsï¿½#datascienceprojectsï¿½#amankharwalï¿½#thecleverprogrammer,381,8.569500674763834,3.913630229419703,0.2699055330634278,77,56.4,15.2
2957,1926,349,217,369,70,4,2,118,22,16,Python program to count the number of capital letters from a file.,#pythonï¿½#pythonprogrammingï¿½#pythonprojectsï¿½#pythoncodeï¿½#pythonlearningï¿½#pythondeveloperï¿½#pythoncodingï¿½#pythonprogrammerï¿½#amankharwalï¿½#thecleverprogrammerï¿½#pythonprogramï¿½@codergallery,194,6.560703415623943,2.367264119039567,0.7439972945552925,78,50.4,15.2
5538,2597,2376,412,63,149,6,6,178,20,6,"Follow these steps to collect your WhatsApp chat data for a data science project. You can use your WhatsApp chat data for Text Analysis, Sentiment Analysis, and many more tasks based on Natural Language Processing.",#dataï¿½#datascienceï¿½#dataanalysisï¿½#dataanalyticsï¿½#datascientistï¿½#machinelearningï¿½#pythonï¿½#pythonprogrammingï¿½#pythonprojectsï¿½#pythoncodeï¿½#artificialintelligenceï¿½#aiï¿½#deeplearningï¿½#machinelearningprojectsï¿½#datascienceprojectsï¿½#amankharwalï¿½#thecleverprogrammerï¿½#whatsapp,339,6.121343445287107,2.6905019862766344,0.36114120621162876,79,50.0,14.0
4681,2252,1674,360,308,207,7,12,170,23,10,Here are some of the best resources on the internet to learn machine learning for free.,#dataï¿½#datascienceï¿½#dataanalysisï¿½#dataanalyticsï¿½#datascientistï¿½#machinelearningï¿½#pythonï¿½#pythonprogrammingï¿½#pythonprojectsï¿½#pythoncodeï¿½#artificialintelligenceï¿½#aiï¿½#deeplearningï¿½#machinelearningprojectsï¿½#datascienceprojectsï¿½#amankharwalï¿½#thecleverprogrammer,396,8.459730826746421,4.422132023071993,0.4913480025635548,80,46.4,14.4
5273,2673,2003,433,114,318,9,22,250,25,10,"Here is a complete roadmap to data science that you can follow to learn data science from scratch. All the resources to learn from are also mentioned here. Swipe>>, Save, and Share.",#dataï¿½#datascienceï¿½#dataanalysisï¿½#dataanalyticsï¿½#datascientistï¿½#machinelearningï¿½#pythonï¿½#pythonprogrammingï¿½#pythonprojectsï¿½#pythoncodeï¿½#artificialintelligenceï¿½#aiï¿½#deeplearningï¿½#machinelearningprojectsï¿½#datascienceprojectsï¿½#amankharwalï¿½#thecleverprogrammerï¿½#roadmap,599,11.359757253935141,6.030722548833681,0.4741134079271762,81,20.4,10.0
5055,2017,2351,298,108,101,7,11,159,17,6,"In Data Science, Time Series Analysis is a method of analyzing data collected over an interval of time. Stock price data and covid-19 cases data are examples of time-series data. Time Series Analysis helps understand the underlying causes of trends and patterns at particular time intervals. So it is one of the topics that every data scientist should know perfectly. So if you are looking for some of the best books to learn Time Series Analysis, you can choose any one among these books.",#timeseriesï¿½#timeï¿½#statisticsï¿½#datascienceï¿½#bigdataï¿½#machinelearningï¿½#pythonï¿½#aiï¿½#timeseriesanalysisï¿½#datavisualizationï¿½#dataanalyticsï¿½#dataï¿½#iotï¿½#analysisï¿½#timeseriesmalaysiaï¿½#artificialintelligenceï¿½#analyticsï¿½#amankharwalï¿½#thecleverprogrammer,278,5.499505440158259,1.9980217606330366,0.33630069238377847,82,21.4,9.6
4002,3401,278,128,73,111,17,18,205,16,2,"Here are some of the highest paying skills in 2022 that you should start learning today. These skills do not require you to come from a specific education background. If you are passionate about learning any of these skills, then you can easily find so many free resources on the internet. If you donï¿½t know how to find free resources to learn these skills, feel free to reach meï¿½@aman.kharwal, I will be happy to guide you.",#careerï¿½#jobï¿½#jobsï¿½#jobsearchï¿½#educationï¿½#businessï¿½#successï¿½#careergoalsï¿½#motivationï¿½#workï¿½#careerdevelopmentï¿½#careersï¿½#goalsï¿½#resumeï¿½#studentsï¿½#careeradviceï¿½#datascienceï¿½#marketingï¿½#digitalmarketingï¿½#mediaï¿½#socialmediaï¿½#ITï¿½#webdevelopmentï¿½#amankharwalï¿½#thecleverprogrammer,351,8.770614692653673,2.7736131934032984,0.39980009995002497,83,20.2,6.8
3169,1979,707,341,32,106,8,1,121,21,2,"In Data Science, Time Series Analysis is a method of analyzing data collected over an interval of time. Stock price data and covid-19 cases data are examples of time-series data. Time Series Analysis helps understand the underlying causes of trends and patterns at particular time intervals. So it is one of the topics that every data scientist should know perfectly. So if you are looking for some of the best data science project ideas on Time Series Analysis, you should try to work on these projects.",#timeseriesï¿½#timeï¿½#statisticsï¿½#datascienceï¿½#bigdataï¿½#machinelearningï¿½#pythonï¿½#aiï¿½#timeseriesanalysisï¿½#datavisualizationï¿½#dataanalyticsï¿½#dataï¿½#iotï¿½#analysisï¿½#timeseriesmalaysiaï¿½#artificialintelligenceï¿½#analyticsï¿½#amankharwalï¿½#thecleverprogrammer,236,7.44714420952982,3.3449037551278002,0.6626696118649417,84,20.4,6.0
6168,2177,3450,153,296,82,6,6,151,77,30,"Stress, anxiety, and depression are threatening the mental health of people. Every person has a reason for having a stressful life. People often share their feelings on social media platforms like on Instagram in the form of posts and stories, and on Reddit in the form of asking for suggestions about their life on subreddits. In the past few years, many content creators have come forward to create content to help people with their mental health. Many organizations can use stress detection to find which social media users are stressed to help them quickly. So if you want to learn how to use machine learning to detect stress on social media posts, this data science project is for you. Detection of stress from social media posts with machine learning using Python: Link in Bio.",#dataï¿½#datascienceï¿½#dataanalysisï¿½#dataanalyticsï¿½#datascientistï¿½#machinelearningï¿½#pythonï¿½#pythonprogrammingï¿½#pythonprojectsï¿½#pythoncodeï¿½#artificialintelligenceï¿½#aiï¿½#deeplearningï¿½#machinelearningprojectsï¿½#datascienceprojectsï¿½#amankharwalï¿½#thecleverprogrammerï¿½#machinelearningmodelsï¿½#stressï¿½#stressdetection,245,3.972114137483787,1.3294422827496757,1.248378728923476,85,31.2,10.0
2407,1338,655,276,39,40,8,20,72,10,0,Data Science Use Cases: Hereï¿½s how Zomato is using your data for its future business model.,#dataï¿½#datascienceï¿½#dataanalysisï¿½#dataanalyticsï¿½#datascientistï¿½#machinelearningï¿½#pythonï¿½#pythonprogrammingï¿½#pythonprojectsï¿½#pythoncodeï¿½#artificialintelligenceï¿½#aiï¿½#deeplearningï¿½#machinelearningprojectsï¿½#datascienceprojectsï¿½#amankharwalï¿½#thecleverprogrammerï¿½#machinelearningmodelsï¿½#zomatoï¿½#businessï¿½#casestudyï¿½#businessmodel,140,5.8163689239717495,1.6618196925633568,0.4154549231408392,86,28.2,8.0
3630,1747,1693,72,86,137,4,10,137,14,4,Here are some of the best data analysis project ideas for resume that you should try.,#dataï¿½#datascienceï¿½#dataanalysisï¿½#dataanalyticsï¿½#datascientistï¿½#machinelearningï¿½#pythonï¿½#pythonprogrammingï¿½#pythonprojectsï¿½#pythoncodeï¿½#artificialintelligenceï¿½#aiï¿½#deeplearningï¿½#machinelearningprojectsï¿½#datascienceprojectsï¿½#amankharwalï¿½#thecleverprogrammer,288,7.933884297520661,3.774104683195592,0.3856749311294766,87,27.6,7.6
2826,2108,583,76,34,67,3,3,114,30,4,Visualizing data is one of the most valuable skills every Data Scientist and Analyst should have. There are a lot of data visualizations to learn in data science. Here you will find a list of all data visualizations for data science explained using Python.,#dataanalyticsï¿½#datascienceï¿½#dataï¿½#machinelearningï¿½#datavisualizationï¿½#bigdataï¿½#artificialintelligenceï¿½#datascientistï¿½#pythonï¿½#analyticsï¿½#aiï¿½#dataanalysisï¿½#deeplearningï¿½#technologyï¿½#programmingï¿½#codingï¿½#dataanalystï¿½#businessï¿½#pythonprogrammingï¿½#dataminingï¿½#techï¿½#businessintelligenceï¿½#databaseï¿½#computerscienceï¿½#statisticsï¿½#powerbiï¿½#dataanalysisprojectsï¿½#businessanalyticsï¿½#thecleverprogrammerï¿½#amankharwal,187,6.617126680820948,2.3708421797593773,1.0615711252653928,88,30.4,8.0
7407,2782,1938,2237,226,288,5,15,263,39,18,Here are some of the most important machine learning algorithms that every beginner in machine learning should know.,#dataï¿½#datascienceï¿½#dataanalysisï¿½#dataanalyticsï¿½#datascientistï¿½#machinelearningï¿½#pythonï¿½#pythonprogrammingï¿½#pythonprojectsï¿½#pythoncodeï¿½#artificialintelligenceï¿½#aiï¿½#deeplearningï¿½#machinelearningprojectsï¿½#datascienceprojectsï¿½#amankharwalï¿½#thecleverprogrammer,571,7.708923990819495,3.8882138517618468,0.5265289590927501,89,34.0,11.2
10386,4137,3551,2355,205,668,8,41,328,42,38,Here are some of the best websites that you can follow to learn everything in data science.,#dataï¿½#datascienceï¿½#dataanalysisï¿½#dataanalyticsï¿½#datascientistï¿½#machinelearningï¿½#pythonï¿½#pythonprogrammingï¿½#pythonprojectsï¿½#pythoncodeï¿½#artificialintelligenceï¿½#aiï¿½#deeplearningï¿½#machinelearningprojectsï¿½#datascienceprojectsï¿½#amankharwalï¿½#thecleverprogrammer,1045,10.061621413441172,6.431735027922203,0.4043905257076834,90,27.0,12.8
2998,1945,794,84,139,42,4,1,126,31,10,Time series analysis means analyzing and finding patterns in a time series dataset. A time-series dataset is a sequence of data collected over an interval of time. Here you will learn how to do Time Series Analysis using Python.,#timeseriesï¿½#timeï¿½#statisticsï¿½#datascienceï¿½#bigdataï¿½#machinelearningï¿½#pythonï¿½#aiï¿½#timeseriesanalysisï¿½#datavisualizationï¿½#dataanalyticsï¿½#dataï¿½#iotï¿½#analysisï¿½#timeseriesmalaysiaï¿½#artificialintelligenceï¿½#analyticsï¿½#amankharwalï¿½#thecleverprogrammer,173,5.770513675783856,1.400933955970647,1.0340226817878586,91,31.2,14.8
3052,2608,201,121,87,63,5,14,129,14,2,Here are all the programming languages that Google uses in the Front-end and the back-end of Google.,#programmingï¿½#codingï¿½#programmerï¿½#pythonï¿½#developerï¿½#javascriptï¿½#technologyï¿½#codeï¿½#coderï¿½#javaï¿½#htmlï¿½#computerscienceï¿½#techï¿½#cssï¿½#webdeveloperï¿½#softwareï¿½#webdevelopmentï¿½#codinglifeï¿½#softwaredeveloperï¿½#linuxï¿½#programmingmemesï¿½#webdesignï¿½#programmersï¿½#phpï¿½#programminglifeï¿½#machinelearningï¿½#hackingï¿½#pythonprogrammingï¿½#thecleverprogrammerï¿½#amankharwal,211,6.9134993446920046,2.064220183486239,0.45871559633027525,92,31.2,14.4
4628,2406,1260,861,26,144,8,3,160,10,4,"Deep Learning is a subset of machine learning. If you want to become a machine learning engineer, you should know everything about deep learning. If you are looking for some of the best free resources to learn deep learning then here are the two best free resources to learn deep learning.",#deeplearningï¿½#machinelearningï¿½#artificialintelligenceï¿½#datascienceï¿½#aiï¿½#pythonï¿½#codingï¿½#technologyï¿½#programmingï¿½#bigdataï¿½#dataanalyticsï¿½#datascientistï¿½#dataï¿½#computerscienceï¿½#techï¿½#neuralnetworkï¿½#amankharwalï¿½#thecleverprogrammer,315,6.806395851339672,3.1114952463267067,0.216076058772688,93,27.2,14.4
4082,2195,1248,541,36,135,11,5,175,19,6,Deep learning is a subset of machine learning in which we use artificial neural networks to train models to solve complex problems where we need a large amount of data compared to other machine learning algorithms. Here are some of the best deep learning project ideas that you must try.,#deeplearningï¿½#machinelearningï¿½#artificialintelligenceï¿½#datascienceï¿½#aiï¿½#pythonï¿½#codingï¿½#technologyï¿½#programmingï¿½#bigdataï¿½#dataanalyticsï¿½#datascientistï¿½#dataï¿½#computerscienceï¿½#techï¿½#neuralnetworkï¿½#amankharwalï¿½#thecleverprogrammer,326,7.986281234688879,3.3072023517883387,0.46545810877021065,94,23.2,12.0
5394,2275,2975,45,65,61,19,6,147,69,6,"You must have heard or invested in any cryptocurrency once in your life. It is a digital medium of exchange that is encrypted and decentralized. If you want to know how to predict the future prices of any cryptocurrency with machine learning, this will help you. Here you will learn how to predict the future prices of bitcoin with machine learning using Python.",#dataï¿½#datascienceï¿½#dataanalysisï¿½#dataanalyticsï¿½#datascientistï¿½#machinelearningï¿½#pythonï¿½#pythonprogrammingï¿½#pythonprojectsï¿½#pythoncodeï¿½#artificialintelligenceï¿½#aiï¿½#deeplearningï¿½#machinelearningprojectsï¿½#datascienceprojectsï¿½#amankharwalï¿½#thecleverprogrammerï¿½#bitcoinï¿½#cryptocurrency,233,4.31961438635521,1.1308861698183166,1.2791991101223583,95,28.6,5.6
2766,2541,116,51,9,40,10,4,114,11,6,Here are all the programming languages that Facebook uses in the Front-end and the back-end of Facebook.,#programmingï¿½#codingï¿½#programmerï¿½#pythonï¿½#developerï¿½#javascriptï¿½#technologyï¿½#codeï¿½#coderï¿½#javaï¿½#htmlï¿½#computerscienceï¿½#techï¿½#cssï¿½#webdeveloperï¿½#softwareï¿½#webdevelopmentï¿½#codinglifeï¿½#softwaredeveloperï¿½#linuxï¿½#programmingmemesï¿½#webdesignï¿½#programmersï¿½#phpï¿½#programminglifeï¿½#machinelearningï¿½#hackingï¿½#pythonprogrammingï¿½#thecleverprogrammerï¿½#amankharwal,168,6.073752711496746,1.4461315979754157,0.39768618944323936,96,24.6,4.8
3924,2244,1278,326,34,139,11,3,151,19,2,Here are some of the most popular data science case studies and projects that every data science beginner should try. You can find these case studies and projects with solutions at Kaggle.,#dataï¿½#datascienceï¿½#dataanalysisï¿½#dataanalyticsï¿½#datascientistï¿½#machinelearningï¿½#pythonï¿½#pythonprogrammingï¿½#pythonprojectsï¿½#pythoncodeï¿½#artificialintelligenceï¿½#aiï¿½#deeplearningï¿½#algorithmï¿½#algorithmsï¿½#machinelearningalgorithmsï¿½#mlï¿½#amankharwalï¿½#thecleverprogrammerï¿½#projectsï¿½#casestudies,304,7.747196738022426,3.5423037716615693,0.4841997961264016,97,25.6,4.8
3015,2034,771,115,41,52,11,4,92,9,2,Hereï¿½s how Amazon uses your data as an e-commerce platform. I hope this post will help you to understand how Amazon is using data science to improve the quality of its services.,#dataï¿½#datascienceï¿½#dataanalysisï¿½#dataanalyticsï¿½#datascientistï¿½#machinelearningï¿½#pythonï¿½#pythonprogrammingï¿½#pythonprojectsï¿½#pythoncodeï¿½#artificialintelligenceï¿½#aiï¿½#deeplearningï¿½#machinelearningprojectsï¿½#datascienceprojectsï¿½#amankharwalï¿½#thecleverprogrammerï¿½#machinelearningmodelsï¿½#zomatoï¿½#businessï¿½#casestudyï¿½#businessmodelï¿½#amazonfinds,159,5.273631840796019,1.7247097844112769,0.2985074626865672,98,25.4,4.4
5409,2643,2006,1068,230,393,10,27,275,38,14,"Here is a complete roadmap to data science that you can follow to learn data science from scratch. All the resources to learn from are also mentioned here. Swipe>>, Save, and Share.",#dataï¿½#datascienceï¿½#dataanalysisï¿½#dataanalyticsï¿½#datascientistï¿½#machinelearningï¿½#pythonï¿½#pythonprogrammingï¿½#pythonprojectsï¿½#pythoncodeï¿½#artificialintelligenceï¿½#aiï¿½#deeplearningï¿½#machinelearningprojectsï¿½#datascienceprojectsï¿½#amankharwalï¿½#thecleverprogrammerï¿½#roadmap,705,13.033832501386577,7.265668330560178,0.7025328156775744,99,29.2,6.0
5323,2000,2053,988,74,152,6,13,192,42,8,"If you are looking for some trending and unique topics for working on a data science project, then here are some data science project ideas based on trending and unique topics that you can try.",#dataï¿½#datascienceï¿½#dataanalysisï¿½#dataanalyticsï¿½#datascientistï¿½#machinelearningï¿½#pythonï¿½#pythonprogrammingï¿½#pythonprojectsï¿½#pythoncodeï¿½#artificialintelligenceï¿½#aiï¿½#deeplearningï¿½#machinelearningprojectsï¿½#datascienceprojectsï¿½#amankharwalï¿½#thecleverprogrammer,363,6.819462708998684,2.855532594401653,0.7890287431899305,100,23.8,6.4
8001,2261,5055,300,172,83,8,7,203,92,14,"Many countries are supporting Ukraine by introducing economic sanctions on Russia. There are a lot of tweets about the Ukraine and Russia war where people tend to update about the ground truths, what they feel about it, and who they are supporting. Here you will learn to analyze the sentiments of people over the Ukraine and Russian War. Learn how to perform twitter sentiment analysis on Ukraine and Russia War using Python from the link in bio.",#dataï¿½#datascienceï¿½#dataanalysisï¿½#dataanalyticsï¿½#datascientistï¿½#machinelearningï¿½#pythonï¿½#pythonprogrammingï¿½#pythonprojectsï¿½#pythoncodeï¿½#artificialintelligenceï¿½#aiï¿½#deeplearningï¿½#sentimentanalysisï¿½#sentimentï¿½#nlpï¿½#naturallanguageprocessingï¿½#amankharwalï¿½#thecleverprogrammerï¿½#ukraine,301,3.762029746281715,1.0373703287089113,1.149856267966504,101,40.0,8.0
4150,1807,1085,463,792,74,4,2,145,75,28,"Each company has its ways of creating an OTP for verification, but most of the companies have their systems programmed to generate a 6-digit random number. So here you will learn the complete process of OTP verification using Python.",#pythonï¿½#pythonprogrammingï¿½#pythonprojectsï¿½#pythoncodeï¿½#pythonlearningï¿½#pythondeveloperï¿½#pythoncodingï¿½#pythonprogrammerï¿½#amankharwalï¿½#thecleverprogrammerï¿½#pythonprojectsï¿½#otpï¿½#otpverification,225,5.421686746987952,1.783132530120482,1.8072289156626504,102,51.2,13.2
4609,2032,911,857,532,94,1,12,168,21,18,Here are the real world applications of Python in the industry.,#pythonï¿½#pythonprogrammingï¿½#pythonprojectsï¿½#pythoncodeï¿½#pythonlearningï¿½#pythondeveloperï¿½#pythoncodingï¿½#pythonprogrammerï¿½#amankharwalï¿½#thecleverprogrammerï¿½#codingï¿½#programmingï¿½#computerscienceï¿½#datascienceï¿½#webdevelopmentï¿½#machinelearning,275,5.966587112171838,2.0394879583423737,0.4556302885658494,103,53.6,16.4
6348,2517,2660,737,154,188,4,15,194,26,12,"If you are a Data Science student, you must have found it hard to choose a topic for creating your first data science project as a beginner. Some universities give a list that you can choose from, while some universities give complete freedom to the students to choose any topic. So how should you choose a topic for a data science project? Here is a complete guide on how to choose a topic for a data science project.",#dataï¿½#datascienceï¿½#dataanalysisï¿½#dataanalyticsï¿½#datascientistï¿½#machinelearningï¿½#pythonï¿½#pythonprogrammingï¿½#pythonprojectsï¿½#pythoncodeï¿½#artificialintelligenceï¿½#aiï¿½#deeplearningï¿½#machinelearningprojectsï¿½#datascienceprojectsï¿½#amankharwalï¿½#thecleverprogrammer,401,6.316950220541903,2.9615626969124134,0.40957781978575925,104,51.2,16.0
11068,2099,2986,5634,122,214,7,8,250,39,34,Here are some of the best data science project ideas based on Social Media that you should try in 2022.,#dataï¿½#datascienceï¿½#dataanalysisï¿½#dataanalyticsï¿½#datascientistï¿½#machinelearningï¿½#pythonï¿½#pythonprogrammingï¿½#pythonprojectsï¿½#pythoncodeï¿½#artificialintelligenceï¿½#aiï¿½#deeplearningï¿½#machinelearningprojectsï¿½#datascienceprojectsï¿½#amankharwalï¿½#thecleverprogrammer,479,4.3277918323093605,1.9335019877123236,0.352367184676545,105,50.6,21.2
7231,1855,4156,703,309,73,8,3,171,74,26,"I have been researching Instagram reach for a long time now. Every time I post on my Instagram account, I collect data on how well the post reach after a week. That helps in understanding how Instagram's algorithm is working. Here you will learn how to perform Instagram Reach Analysis and predict the reach of your Instagram posts with machine learning using Python.",#dataï¿½#datascienceï¿½#dataanalysisï¿½#dataanalyticsï¿½#datascientistï¿½#machinelearningï¿½#pythonï¿½#pythonprogrammingï¿½#pythonprojectsï¿½#pythoncodeï¿½#artificialintelligenceï¿½#aiï¿½#deeplearningï¿½#machinelearningprojectsï¿½#datascienceprojectsï¿½#amankharwalï¿½#thecleverprogrammerï¿½#instagramï¿½#instagramreach,255,3.526483197344766,1.0095422486516388,1.023371594523579,106,47.0,23.6
17396,1817,10008,5192,251,285,7,7,416,467,260,Here is a list of 100+ Machine Learning Algorithms and Models explained using Python that will help you to understand the implementation of all the machine learning algorithms and models in solving real-time business problems. You can find this list of 100+ Machine Learning Algorithms and Models from the link in bio.,#machinelearningï¿½#machinelearningalgorithmsï¿½#datascienceï¿½#dataanalysisï¿½#dataanalyticsï¿½#datascientistï¿½#pythonï¿½#pythonprogrammingï¿½#pythonprojectsï¿½#pythoncodeï¿½#artificialintelligenceï¿½#aiï¿½#deeplearningï¿½#algorithmï¿½#algorithmsï¿½#amankharwalï¿½#thecleverprogrammer,715,4.1101402621292245,1.638307656932628,2.6845251782018855,107,125.4,70.0
6814,2816,2769,900,128,469,8,22,249,24,16,Here are some of the best websites that you can follow to learn everything in data science.,#datascienceï¿½#datasciencejobsï¿½#datasciencetrainingï¿½#datascienceeducationï¿½#datasciencecourseï¿½#dataï¿½#dataanalysisï¿½#dataanalyticsï¿½#datascientistï¿½#machinelearningï¿½#artificialintelligenceï¿½#aiï¿½#deeplearningï¿½#machinelearningprojectsï¿½#datascienceprojectsï¿½#amankharwalï¿½#thecleverprogrammer,748,10.97739947167596,6.8828881714118,0.3522160258291752,108,126.0,69.6
17713,2449,2141,12389,561,504,3,23,308,70,96,Here are some of the best resources to learn SQL for data science.,#sqlï¿½#mysqlï¿½#datascienceï¿½#datasciencejobsï¿½#datasciencetrainingï¿½#datascienceeducationï¿½#datasciencecourseï¿½#dataï¿½#dataanalysisï¿½#dataanalyticsï¿½#datascientistï¿½#machinelearningï¿½#artificialintelligenceï¿½#aiï¿½#deeplearningï¿½#machinelearningprojectsï¿½#datascienceprojectsï¿½#amankharwalï¿½#thecleverprogrammer,838,4.730988539490769,2.845367808953876,0.3951899734658161,109,134.8,86.4
5563,3813,362,1135,76,149,5,8,163,22,20,Here are the best Python libraries for data visualization that you should learn for data science.,#datavisualizationï¿½#datascienceï¿½#datasciencejobsï¿½#datasciencetrainingï¿½#datascienceeducationï¿½#datasciencecourseï¿½#dataï¿½#dataanalysisï¿½#dataanalyticsï¿½#datascientistï¿½#machinelearningï¿½#artificialintelligenceï¿½#aiï¿½#deeplearningï¿½#machinelearningprojectsï¿½#datascienceprojectsï¿½#amankharwalï¿½#thecleverprogrammer,325,5.842171490203127,2.6784109293546647,0.3954700701060579,110,131.4,83.6
4842,1658,694,2036,310,55,6,4,86,46,30,Learn how to create an interactive language translator using the Python programming language.,#pythonï¿½#pythonprogrammingï¿½#pythoncodeï¿½#pythonlearningï¿½#pythondeveloperï¿½#pythonprogrammerï¿½#pythonprojectsï¿½#python3ï¿½#pythoncodingï¿½#pythonprogramminglanguageï¿½#amankharwalï¿½#thecleverprogrammerï¿½#nlpï¿½#naturallanguageprocessing,151,3.118546055349029,1.1358942585708385,0.950020652622883,111,125.8,84.4
11149,4439,747,5762,53,273,4,13,210,61,58,"Python is one of the best programming languages for numerical calculations. So you should know how to calculate mean, median and mode using Python without using any built-in Python library or module. Hereï¿½s how to calculate mean, median, and mode using Python.",#pythonï¿½#pythonprogrammingï¿½#pythoncodeï¿½#pythonlearningï¿½#pythondeveloperï¿½#pythonprogrammerï¿½#pythonprojectsï¿½#python3ï¿½#pythoncodingï¿½#pythonprogramminglanguageï¿½#amankharwalï¿½#thecleverprogrammer,500,4.484707148623195,2.4486501031482644,0.5471342721320297,112,44.6,44.0
10206,2371,1624,6000,117,182,10,17,172,237,100,Practice these 90+ Data Science Projects For Beginners Solved & Explained using Python. Find all these projects from the link in bio.,#datascienceï¿½#datasciencejobsï¿½#datasciencetrainingï¿½#datascienceeducationï¿½#datasciencecourseï¿½#dataï¿½#dataanalysisï¿½#dataanalyticsï¿½#datascientistï¿½#machinelearningï¿½#artificialintelligenceï¿½#aiï¿½#deeplearningï¿½#machinelearningprojectsï¿½#datascienceprojectsï¿½#amankharwalï¿½#thecleverprogrammer,381,3.7330981775426224,1.7832647462277091,2.3221634332745444,113,87.2,60.8
13700,5185,3041,5352,77,573,2,38,373,73,80,Here are some of the best data science certifications that you can choose from in 2022.,#datascienceï¿½#datasciencejobsï¿½#datasciencetrainingï¿½#datascienceeducationï¿½#datasciencecourseï¿½#dataï¿½#dataanalysisï¿½#dataanalyticsï¿½#datascientistï¿½#machinelearningï¿½#artificialintelligenceï¿½#aiï¿½#deeplearningï¿½#machinelearningprojectsï¿½#datascienceprojectsï¿½#amankharwalï¿½#thecleverprogrammer,986,7.197080291970803,4.182481751824818,0.5328467153284672,114,87.8,57.6
5731,1923,1368,2266,65,135,4,1,148,20,18,"Clustering is a machine learning technique used to classify data points, charaterized by some specific features into groups. It is an unsupervised machine learning method where the data we deal with is not labelled. Here are some of the best Machine Learning project ideas on Clustering that you should try.",#machinelearningï¿½#machinelearningalgorithmsï¿½#datascienceï¿½#dataanalysisï¿½#dataanalyticsï¿½#datascientistï¿½#pythonï¿½#pythonprogrammingï¿½#pythonprojectsï¿½#pythoncodeï¿½#artificialintelligenceï¿½#aiï¿½#deeplearningï¿½#algorithmï¿½#algorithmsï¿½#amankharwalï¿½#thecleverprogrammerï¿½#clustering,288,5.025300994590822,2.3556098412144477,0.34897923573547374,115,87.4,57.2
4139,1133,1538,1367,33,36,0,1,92,34,10,Clustering music genres is a task of grouping music based on the similarities in their audio characteristics. Here you will learn how to do clustering analysis of music genres with Machine Learning using Python.,#machinelearningï¿½#machinelearningalgorithmsï¿½#datascienceï¿½#dataanalysisï¿½#dataanalyticsï¿½#datascientistï¿½#pythonï¿½#pythonprogrammingï¿½#pythonprojectsï¿½#pythoncodeï¿½#artificialintelligenceï¿½#aiï¿½#deeplearningï¿½#algorithmï¿½#algorithmsï¿½#amankharwalï¿½#thecleverprogrammerï¿½#clustering,129,3.1166948538294275,0.8697753080454216,0.8214544575984537,116,85.0,53.2
32695,11815,3147,17414,170,1095,2,75,549,148,214,Here are some of the best data science certifications that you can choose from in 2022.,#datascienceï¿½#datasciencejobsï¿½#datasciencetrainingï¿½#datascienceeducationï¿½#datasciencecourseï¿½#dataï¿½#dataanalysisï¿½#dataanalyticsï¿½#datascientistï¿½#machinelearningï¿½#artificialintelligenceï¿½#aiï¿½#deeplearningï¿½#machinelearningprojectsï¿½#datascienceprojectsï¿½#amankharwalï¿½#thecleverprogrammer,1721,5.263801804557272,3.349135953509711,0.45266860376204315,117,102.4,84.4
36919,13473,4176,16444,2547,653,5,26,443,611,228,175 Python Projects with Source Code solved and explained for free: Link in Bio,#pythonï¿½#pythonprogrammingï¿½#pythonprojectsï¿½#pythoncodeï¿½#pythonlearningï¿½#pythondeveloperï¿½#pythoncodingï¿½#pythonprogrammerï¿½#amankharwalï¿½#thecleverprogrammerï¿½#pythonprojects,1127,3.0526287277553563,1.7687369647065199,1.6549744034237115,118,177.2,110.0
